{"test_f1_score": 0.010734017363851617, "test_precision": 0.0069063579118423726, "test_recall": 0.024079320113314446}
